url,title,summary,basicinfo,paras
url,title,summary,basicinfo,paras
url,title,summary,basicinfo,paras
url,title,summary,basicinfo,paras
url,title,summary,basicinfo,paras
url,title,summary,basicinfo,paras
url,title,summary,basicinfo,paras
url,title,summary,basicinfo,paras
url,title,summary,basicinfo,paras
url,title,summary,basicinfo,paras
url,title,summary,basicinfo,paras
url,title,summary,basicinfo,paras
url,title,summary,basicinfo,paras
url,title,summary,basicinfo,paras
url,title,summary,basicinfo,paras
url,title,summary,basicinfo,paras
url,title,summary,basicinfo,paras
url,title,summary,basicinfo,paras
url,title,summary,basicinfo,paras
url,title,summary,basicinfo,paras
url,title,summary,basicinfo,paras
url,title,summary,basicinfo,paras
url,title,summary,basicinfo,paras
url,title,summary,basicinfo,paras
url,title,summary,basicinfo,paras
